title,price,item_url,source_list_url
Shop on eBay,$479.99,,https://www.ebay.com/b/Laptops-Netbooks/175672
Shop on eBay,$479.99,,https://www.ebay.com/b/Laptops-Netbooks/175672
"ASUS - Zenbook A16 16"" 3K OLED Touchscreen Laptop - Snapdragon X2 Elite Extre...","$1,499.99",https://www.ebay.com/itm/206334636536?itmmeta=01KZTGPFJVE6QCTT8MJXQ5C324&hash=item300a80b1f8:g:a7UAAeSw1clqdzMv&itmprp=enc%3AAQALAAAA4DKQclQvzFwZQpmMrsO4Lur7yvQIunQjpq7UITjBxXG7ro1%2FImMiPgf5KAW2nIvvzfU5jdDB7i3DEmfLSNrdemyiDj37nDYUlVNNS9R%2FD1w4xFwNVDzKbALXwEncAvcSqYjfokgXdVnJY%2FqZVcfO4OZXYaFGLaIhZGrXBkqNZkclfWdbipzh1Necm4ADY3MgP8yF7KXScsDkZkpBP2GXMX8hTVuVAlAcGwOpQ0OlNVkA3cySu%2FO%2BnaRCaz%2F5u5mvNyLAFxbQYySwk7%2FRB7lmgGZslpMKoh8oWAcL%2B7VEPzcQ%7Ctkp%3ABk9SR8r52dD-Zw,https://www.ebay.com/b/Laptops-Netbooks/175672
"Dell Latitude 3410 Laptop 14"" Windows 11 Pro Intel Core i3 16GB RAM 256GB SSD",$216.62,https://www.ebay.com/itm/254582474636?itmmeta=01KZTGPFJV11NWX7KX4W3CZNGE&hash=item3b464c478c:g:oRQAAeSwRTtqWcSd&itmprp=enc%3AAQALAAAA4DKQclQvzFwZQpmMrsO4LuqHw%2Ff9WewWFlSIfGs7meH2CNu60xWKP0IRELTmKnYO4TeOKFCz2WSUmKFfAR6qa6lYlqxvR75OPqHg3MvpGTAM%2F8wvUbcFwzVpjW6dyB1FkZA965hRfv0%2BR1H2srHNpNP82DZkwE0vGy3TZmLNjJNqf2M2zm%2Bf%2FnjciSVywifxjBx1T7xxhz0tXj8RxLOMQA7bXMvAsRfu0LXGI7A5CoK%2FAn%2Fj6ppdv2SXJ3z7lSI7odxAb1i5WUIMkiJvzN%2FU6vG9NsTkpenDzgW%2FTtZxDjqu%7Ctkp%3ABFBMyvnZ0P5n,https://www.ebay.com/b/Laptops-Netbooks/175672
Dell Latitude 5430 Laptop Computer PC Intel i5 Up To 32GB RAM 1TB SSD Windows 11,$237.36 to $574.02,https://www.ebay.com/itm/286393092388?itmmeta=01KZTGPFJV30SHNJGB2XBE8S38&hash=item42ae5bc924:g:0DgAAeSw9G5p5kZ6&itmprp=enc%3AAQALAAAA4DKQclQvzFwZQpmMrsO4LurMw426ChGgAEabzZZqBxmRZAq46hF7a7cDndhGa83q5L3C%2F1Mqcc8kmtvGmQS5ReBoLwMhkxjSsgKyZmAyiY8Q%2Bjg1fSTYu0ITrYf9%2Bbv74z32okFUpMLlun%2FhFDYg85M2pJ99xDBeaf7I5CggQcrx2UQH7POMny7NcYX372rjtIT0Q6qpchhGpD0iHZwDbE2cn3OtaxVAEEqf2DQAs1vDknvosMw3IxfnjuIK2LhadrJbei%2F4eFDpt5e8AC2udcuU0u5PEe%2FTrmtaPfdn%2Bq%2BR%7Ctkp%3ABFBMyvnZ0P5n&var=588498748801,https://www.ebay.com/b/Laptops-Netbooks/175672
Dell Latitude 15.6” FHD Core i5 Laptop PC Up To 32GB RAM 1TB SSD Windows 11,$250.73 to $382.48,https://www.ebay.com/itm/256879744174?itmmeta=01KZTGPFJVQYHDNTPYRBCFHDX9&hash=item3bcf39d4ae:g:kSsAAeSw0r5pZ8WR&itmprp=enc%3AAQALAAAA4DKQclQvzFwZQpmMrsO4LuqFIgxhhXZ7XH%2B1C1jWG10m0YAscumc0iOrbu9tBbrnEE7vC%2Fk1u3zCsQfDhzv%2BOXruC5xuYwsMR%2BoqdmQDrS1%2FHGuXRFzy%2B1JzG%2BKKM2ElsW5ypb2nBistObNoPLQqXpzpbdQ%2Bg8p9sfmoZumzLjPzbbOP7bIIJGaI3Rx40pGIFvn8FCPe0fO9Xhal43DwAw1dX%2BklrsB1ay7s%2BDOAPuK%2FSF3qSO8h4GqqyGLdyPGpYeF318laE2YaK86ZQazj0ft%2BqEqotVHmYwos61gldM5y%7Ctkp%3ABFBMyvnZ0P5n&var=557422176900,https://www.ebay.com/b/Laptops-Netbooks/175672
HP EliteBook 840 G8 i5-1145G7 16GB RAM 256GB SSD Windows 11 Pro,$239.99,https://www.ebay.com/itm/366597491965?itmmeta=01KZTGPFJVCQ20YYYA4PG1AM69&hash=item555ae9ccfd:g:NdoAAeSwPQNqOVfG&itmprp=enc%3AAQALAAAAwDKQclQvzFwZQpmMrsO4Luq212tkR2muxsKpoNjKFnDRw0Fk5hFOsHW3Lf2i7m48qlcjM1ZItnWTPTX7Lk1ty%2FXId2vsE2h9QKhpHIUASvIHRPnh%2FE90y%2Bi6Pi%2F6ss%2FscOq3nY%2FRPbYI1nXldmB%2BhKfg%2FS40D138bp9Ijp%2FoubbKa3SfPXvvrU3i2nPVR0YT02v3jNMa5tdaH67gPP7RZVpROVuPXJPj7Ct2QGGZTgnZ6WMdA8OeCT%2BFxSU60rneog%3D%3D%7Ctkp%3ABk9SR8r52dD-Zw,https://www.ebay.com/b/Laptops-Netbooks/175672
"Dell Latitude 7320 13.3"" i7-1185G7 16GB 512GB SSD Win11 Pro Laptop",$264.99,https://www.ebay.com/itm/366583705779?itmmeta=01KZTGPFJVEW7VPD8654ZM28F2&hash=item555a1770b3:m:mreSDncYepeI3UFiM7wU1Vw&itmprp=enc%3AAQALAAAAwDKQclQvzFwZQpmMrsO4Lup%2FisS%2BqqAUvPy%2BsJ2TcMokqcE9joTSiTAeIMFFVUtvtMN34F31rcXaZCuT9mCjLjeBUcnsuEQCOABGoGNijDZuRbxfVOFhK95ezI6DadVv5ZxRjRTHUZqbEvVtfgBMOx3Akqyuv3Qs8%2F2kgtHGtJETHDj25Y%2F5E62vxbK3LBC1TKGGjQGrpwUdiOTSuJU31AmR24v6WYF3xakfM7MlpsD4547FmXUrkKFX7K%2FzF0xZoQ%3D%3D%7Ctkp%3ABk9SR8r52dD-Zw,https://www.ebay.com/b/Laptops-Netbooks/175672
"HP EliteBook x360 1040 G8 14"" 32GB 512GB, Silver",$399.99,https://www.ebay.com/itm/366567534769?itmmeta=01KZTGPFJVPWQC0YA5QZWHAYT2&hash=item555920b0b1:g:V44AAeSw2HBqHyzC&itmprp=enc%3AAQALAAAAwDKQclQvzFwZQpmMrsO4Lur5f9b9M2FvnCHsuBp3DpeB%2FSyTtADTnB8lBQnTffaSRcRf%2FRHWoyD87qUPGN385oPwIjef5QyXycuDmQzaOQRsOaUi3lsHAeJa9agyOZ81zyCRCVkNqEDBrBfqgMaJ%2BOg%2BvBn98gnf1kB%2FQErwekhWY%2BHy%2Fjcvo%2FOc7k5LYDiYQ6n2LbjjW%2F7AbAl9iS6VJ3sFLC3LOb%2B%2Fd5F66TZQrTbCaVsdCuH8fF3Fm%2FQFLDtgtQ%3D%3D%7Ctkp%3ABk9SR8r52dD-Zw,https://www.ebay.com/b/Laptops-Netbooks/175672
"New ListingApple MacBook Pro 16"" M4 Pro 24GB 512GB Laptop For Parts Only",$999.99,https://www.ebay.com/itm/377411820184?itmmeta=01KZTGPFJVJ2BV3SQWK035JTC3&hash=item57df7f5a98:g:tTAAAeSw4qpqe5mA&itmprp=enc%3AAQALAAAA4DKQclQvzFwZQpmMrsO4LuovXRfZI0uTasbcyBktWwf4bXlMvSFA2Jnx8%2FKGg5gYvxxU0e5ySCBncQFfnm3wCjsRNddrLxcHDiXEkEW3nN7yOEUu8wIhLSMOQZ568dwuRfRunHyT6j81xTYK3HbuRZqXqzfHqM1wgaU55AyPCOLxb%2F6yBjhJbk8P5MCb5cahZFzT6XsI7lMqvosJq1xebrtab%2FoluyuAjpZmxCu%2BpmX39p1OiJNal2ZUPSiORuaf5raKyN9lZDGR%2FA%2B%2F268%2BsigF%2BQ63YO11zEkHjwHbRed3%7Ctkp%3ABk9SR8r52dD-Zw,https://www.ebay.com/b/Laptops-Netbooks/175672
"2020 Apple M1 MacBook Air 13.3"" 8GB/256GB - (Space Gray) A2337 w/Year Warranty",$343.34,https://www.ebay.com/p/9055828714?iid=145639218896,https://www.ebay.com/b/Laptops-Netbooks/175672
"Apple Macbook Air 13"" Laptop - i5 8GB RAM 256GB SSD - OS Big Sur - Warranty",$129.00 to $169.00,https://www.ebay.com/itm/226752686660?itmmeta=01KZTGPFJVB4XBNN7540V7B63D&hash=item34cb836a44:g:oq8AAeSwxE5pK34t&itmprp=enc%3AAQALAAAA4DKQclQvzFwZQpmMrsO4Luo2yD1BBXRmkRrLcdFT%2FrfjZ1XyiE6z6EMWiMsfGc2lyTH4czsnGGJ3llhTkD91bv0WsrtYEpeS2fny%2BbHqzAdF5nWWj2xeRum0tJK4wRq1BMqJvZ7zrJ2o6DT7vy7D9TfP5qn%2FcITHBsx9DuOcK6U47STyaU9CkFINE7FofblcRRh%2F1W2UtBHul641ph7bJOX0RhGklJ%2FKj3Es1va4YU6z3PfR0pkjNSXNfsHyRWC4p288poSjbUA3Ul199JnMBEnKdFLQQWzVQP0AHOX5tlmX%7Ctkp%3ABk9SR8r52dD-Zw&var=525914977061,https://www.ebay.com/b/Laptops-Netbooks/175672
"2020 Apple MacBook Air 13"" i3 1.1GHz 8GB 128GB (Space Gray) A2179 w/Warranty",$235.12,https://www.ebay.com/p/10052496987?iid=145583802577,https://www.ebay.com/b/Laptops-Netbooks/175672
HP EliteBook 840 G7 i5-10310U 16GB RAM 256GB SSD Windows 11 Pro,$219.99,https://www.ebay.com/itm/366588895142?itmmeta=01KZTGPFJWFRGTRS972H6F4BWN&hash=item555a669fa6:g:sjQAAeSwqWhqOZmf&itmprp=enc%3AAQALAAAAwDKQclQvzFwZQpmMrsO4Luog6DJc6RJMNpLRi7tAhOnwJ1CKNouKZ4Qie54Ah69j3XQU23gxBLVdBfi0FkJbDG%2FzDuZ6FaXbECFfBLzNBPyQ2GjIHqXv%2F1JSDf2%2BEUxODmeGr8A2x0htkTRvyREBIAytF1z6n9mpxsQafdzfUkKPV8n146XA8q8EHScoa0R0t0q9G05RVM%2FPKgzHCbxa1lFnSZdrk7edacnEimDulXa3xrd3PtIIAMtOxu3Z9keITw%3D%3D%7Ctkp%3ABk9SR8r52dD-Zw,https://www.ebay.com/b/Laptops-Netbooks/175672
"ASUS - Vivobook 15 15.6"" FHD Laptop - Intel Core 3 100U (2024) - 8GB Memory -...",$299.99,https://www.ebay.com/itm/198395535349?itmmeta=01KZTGPFJW2K5RPCJ39R7Q62NS&hash=item2e314b9ff5:g:NPUAAeSwkNxqeyMT&itmprp=enc%3AAQALAAAAwDKQclQvzFwZQpmMrsO4LuqWt6Jmm%2FC4yaQbSaDEI3%2FdyV%2FKR1rE0%2F4%2Frr2DfwQbAMhizExET3jKrV6Zm4PoCRtPMYs1xNJDgIZ09ZnAF4CJF6SK8hDxsQLO9tcMDYT7O0KRdXapx9SuI36oFAPzgwNo2IxIo9H%2BVEDTc7o8KwWq9Gx6KrOlgDAzrHosDCpyTC1QQVfcTRfYQm6EJAQL0FMYDKDJoG7sDgP%2BS8i6Rb3BHfFXBJP4LPOI%2BrII6Xzm2g%3D%3D%7Ctkp%3ABk9SR8r52dD-Zw,https://www.ebay.com/b/Laptops-Netbooks/175672
"2026 NEW SGIN FHD Laptop WIFI6 Intel N5100 16GB+1TB 2.8GHz Win11 PRO, Office 365",$179.99 to $329.99,https://www.ebay.com/itm/318407425267?itmmeta=01KZTGPFJWCJVCXP1W6D9VD7ZN&hash=item4a228fbcf3:g:yKwAAeSw47pqIR-4&itmprp=enc%3AAQALAAAA4DKQclQvzFwZQpmMrsO4Luo1YiGUrlgjjBbbE0hKE%2FRDxl9Ddb%2BjVRbZHT%2F0KxmzwUKWjJ49pk4Fe8BVQ4Gatn0BpLXNe8E0mQ4jhcooUK1ziHerLW3bgeAzPi2SMcGepxo5jUwhLZqC99ahOgVUkqeHvsfRBbQm5JWjnAkT1iqpLbvy4h%2BRSZn6NokarB1qL8R8vW28J0wdwy4hb%2FXOzHCnDeJdrlJQUz4WjLpuoxhlNBF1qQdWsRejK7uoiVktq1zHlQGv5zIe7lNYsPXkd5ewtdP6K0HikPhPfeMVUk6x%7Ctkp%3ABFBMzPnZ0P5n&var=616864939725,https://www.ebay.com/b/Laptops-Netbooks/175672
"New ListingStow Slim for Macbook Pro 13” , Macbook Air 13” – Premium Macbook",$125.95,https://www.ebay.com/itm/307122038981?itmmeta=01KZTGPFJWNFAV93X1FWH6ZHK6&hash=item4781e668c5:g:IfIAAeSw2RBqfCaj&itmprp=enc%3AAQALAAAA4DKQclQvzFwZQpmMrsO4LuqgHn9nBl5Bbw%2BxwTqMLPG9KGy18cq5CguL9kFjwC7aqN2biInhwCGF5hIFQIWsmP0fUtl1zVg1BZkknf0j1iXmGO1WkYwcCV0bg%2Brn2HbfQlq2RmFMIH8wMs5nQbsVIl47NLysN8TaaLCPnLLAuy2mBT6El902zCMOF0FnMPRFHuIuP4jTpGBtSOnR%2FlSqgO7uxD%2FANNpm59ecjt27UETlEXKS4vtD6ed0p0%2BiR%2BgrpPIAcR8ZpRg1HP20IOtzVCOQD6i0P6Z8RQuzrHOnvBPr%7Ctkp%3ABFBMzPnZ0P5n,https://www.ebay.com/b/Laptops-Netbooks/175672
"Dell Latitude Touch Laptop 11.6"" Pentium Silver 8GB RAM 128GB SSD Win 11 Pro",$149.07,https://www.ebay.com/itm/254078693996?itmmeta=01KZTGPFJWARP4V33GNWQSBX28&hash=item3b2845326c:g:sfoAAeSwg5NqMA2w&itmprp=enc%3AAQALAAAA4DKQclQvzFwZQpmMrsO4Luo06SRsEmNFpFUdSDhJOi7SzBNqPuFNVec6VnYOkX5S43%2Bo9kRzZZkpP6F4wzXQypoFzTaESlrGXSv7modEKDqzAmsOIYoHduub79HnRrWhw8OfpV23Dk3LY%2BIYgXSqFxilbEmSxShtuxxXhkmnKHe2dB1w2hffjpY4zigCHx4dA8jTiMuA3bPEzT7B7GD%2B3YCXg8WrdOVVSNg7buB0EygDjVKMgvUe4p1TzPPSM7mg4r%2Fq5B5iY7FwW9WovRh0ltZJYjF2Ckv1RqyNp37CLGA3%7Ctkp%3ABFBMzPnZ0P5n,https://www.ebay.com/b/Laptops-Netbooks/175672
"ASUS - Zenbook A14 14"" 2K OLED Laptop - Snapdragon X Plus 2025 - 16GB Memory ...",$699.99,https://www.ebay.com/itm/197449081378?itmmeta=01KZTGPFJW4DSAH4MM94WH9R1V&hash=item2df8e1e222:g:UBoAAeSwpAlqe0Ww&itmprp=enc%3AAQALAAAA4DKQclQvzFwZQpmMrsO4LuqsXESe%2FonlRwIMEM%2FAbgsusvcBykDBrdrtPRHR9ms1rFQAGoiN%2FR6Nxcs%2FFhxG6CUbp7UiC8ipGwOdLIR1E0oh92vPCo3BfigAxjjSHV5jheF9uTEJPQB%2BLlQsi1GRmcyRFiP2K5Uzof%2F83ly9yHTxEHjYUoHNFlcsjVc9Mhub6msrDPKQ3hU0QmWjfscDcwnRprCO%2Bnqo39UqI55mx8RMA9Gn1dtV%2FM3Rqyn75%2FmtIbkFttZfEUomkfeP8mFmKgEeZLmkgGbCB4LtU4M6omMp%7Ctkp%3ABk9SR8z52dD-Zw,https://www.ebay.com/b/Laptops-Netbooks/175672
Lenovo ThinkPad T14s Gen 3 AMD Ryzen 5 Pro 6650U - 16GB 256GB - Good Refurbished,$375.99,https://www.ebay.com/itm/227252931632?itmmeta=01KZTGPFJW6BS1DK0SJ1TF5PDR&hash=item34e9548c30:g:NM4AAeSwOn9psu6L&itmprp=enc%3AAQALAAAAwDKQclQvzFwZQpmMrsO4LurTR%2FWCieMsgyXjQHVB6myjhQq1fwNKgsiSNQnFBIJwZyRRqt1zdUqSppAHLiUaUAyU02IvpTGGoXo75jmrRuoGnsWXRw9xj%2FQFOggfov0Fu6cqUDTzxDQonN1%2FBLH25EUV544tUaO%2FOx6Zz9ChP0U2WoL4ckOpC45jD8QuWXjMDSNI7xb1CzIpQkc7NnMioDtnZ3wSX7vAjxqwC1KAEKWBTqGuFQLrtl4QUTvaIS5ajw%3D%3D%7Ctkp%3ABk9SR8z52dD-Zw,https://www.ebay.com/b/Laptops-Netbooks/175672
"CHUWI Hi10 XR 10.1"" Intel Celeron N4120 128GB SSD 6GB Ram Win 10 Tablet Laptop",$48.99,https://www.ebay.com/itm/358891716732?itmmeta=01KZTGPFJWVNYN7ZV0C9VC2P04&hash=item538f9d007c:g:s2gAAeSwNKlqXqFf&itmprp=enc%3AAQALAAAAwDKQclQvzFwZQpmMrsO4LurAmHVdTAHcO7Icnlh0HL9iHNgqqZ%2BH9pPuqXc5H85Jgz1xJutpe%2Fi7r7Ald%2BcInYnUhQtblLyF8dDGOZ40kcxpxxA5szYEZwBqGnbAovBlk6sZcqxPa05CZPXWJGgpL628iinhbb5E4B2gqdoxaLW3KgUPvZS3CGfkC7bFEd0fkm5GAeZv6FdFKKzk17U24m7ezPehk4lYarIdVPImxlKeK02yz3nNJKbmHuD%2BkIddwQ%3D%3D%7Ctkp%3ABk9SR8z52dD-Zw,https://www.ebay.com/b/Laptops-Netbooks/175672
"Samsung - Galaxy Book6 - Copilot+ PC - 16"" IPS LED Touch Screen Laptop - Inte...",$799.99,https://www.ebay.com/p/22096750948?iid=198221149565,https://www.ebay.com/b/Laptops-Netbooks/175672
New ListingMSI Venture 16 AI Touchscreen Laptop Intel Core Ultra 9 285H 32GB RAM 1TB SSD (A,$699.80,https://www.ebay.com/p/17088006665?iid=318713086021,https://www.ebay.com/b/Laptops-Netbooks/175672
Panasonic Let's Note CF-SX2 Intel Core i5 SSD 128GB GB 8GB Used w/AC From JP,$119.00,https://www.ebay.com/itm/358519502389?itmmeta=01KZTGPFJW2MRNVHBXZTW2F96J&hash=item53796d7635:g:Ls8AAeSwbyJqKzvm&itmprp=enc%3AAQALAAAAwDKQclQvzFwZQpmMrsO4LuoFcHrH1jhlxOyT6EwLFSmaHXpJFZHOmUrq%2BClMkUoK8%2B%2BuHb4ZMdgArUn0Qxug1dAyUaCD9o%2BinrGIbmn8I43Syw7ETN92bzy40t4vyAqHcRpU2RyaHO87GcTY0wuZqmxSqEsNnhEY1aHGSIqlOJWt55M6ie1cpiJNAMX1vzqI7wA3dpH6WI7g%2FOrU811DCX3H78qb26F8LZSkp5WC2ZejSov2dSGTTNiRSz60pieHjQ%3D%3D%7Ctkp%3ABk9SR8z52dD-Zw,https://www.ebay.com/b/Laptops-Netbooks/175672
"GIGABYTE - AERO X16 - Copilot+ PC - 16"" 2560×1600 WQXGA AMD Ryzen Al 7 350 - ...","$1,499.99",https://www.ebay.com/itm/326677332189?itmmeta=01KZTGPFJW2YX7VJN6JG95TJ7J&hash=item4c0f7c80dd:g:ZokAAeSwgsZqfB5i&itmprp=enc%3AAQALAAAAwDKQclQvzFwZQpmMrsO4Luq2tAcyBCaJeJDGJgICJ4PgQ3UTXALgYuoKczTVidS0pZ76SxEFQUEjnUL6mON47VuyNOBidOfHzCvFX6swbtQePo9JcEksgC5uATqdlXTK8Vsdj7qd6GgVLnDt5jyYbPqweWI%2BxXAweIgSvESW7ZlgpLWO4FnKqDM9Fps3o4neA5nwo3vZfpU6ZUzvitspGCTnyMCu9NtkZpNoz%2BQ5dIG%2BVK75WuCBe4MwyNxtuJri%2FQ%3D%3D%7Ctkp%3ABk9SR8z52dD-Zw,https://www.ebay.com/b/Laptops-Netbooks/175672
"Dell - 15.6"" 2K Touchscreen Laptop - Intel 13th Generation Core i5 1334U 2023...",$499.99,https://www.ebay.com/itm/327040073765?itmmeta=01KZTGPFJWXYYPM5K5YBJFXKEQ&hash=item4c251b8025:g:tCYAAeSwfwRqbkVo&itmprp=enc%3AAQALAAAAwDKQclQvzFwZQpmMrsO4Luq8RBjyPOli7X%2BSEDedybuDxL2szISJfHMZQwiTlEW%2BwOjt9Eod03OFMd6EmsntzfMipiVoAmdjjxzsyGCnSi8mvyZf%2FzdNp5UveXjwVsTS0ZrdnlLDuL0f5%2FirbBWR07wQqJgtPEeHTEWUIZythloHdIYD2DvPPPrrNjqa45t64b2JHfApTN7jmMfveqmcjy%2BwgmZpNrRhOeuYRaJ6o4%2BAZNSfYOwtEN0zGqFOVGb2YA%3D%3D%7Ctkp%3ABk9SR8z52dD-Zw,https://www.ebay.com/b/Laptops-Netbooks/175672
"HP 17.3"" FHD AMD Ryzen 5 7430U AI Laptop 8GB RAM 256GB SSD Natural Silver",$429.99,https://www.ebay.com/itm/295907273733?itmmeta=01KZTGPFJWQN1Q3PCPFV5C0WMM&hash=item44e572ac05:g:uNwAAeSwpIVonhgB&itmprp=enc%3AAQALAAAAwDKQclQvzFwZQpmMrsO4LupN5nmK7dTps2ZY8V4GVnt073V%2Fdf1cOWmp5QtDtKg%2FVLnGrFV4Q6QMWk3T3E8uIi%2F5CYPeT4fP33ean7qd34gaVbWVY8t6JLJ3cQ83kAWCQ0QnP2eIAjwpvXgfJjKcA3GYerTILGrbX2IaiHQwlpyvX7VtkPvtnvClA08pgpKDYlkj4WmNDaGU7L9z3VGO4aJqI2zVDL79xg%2FsrTLEdnIu2Hlr%2Fu5xlidJqKpkiWHNIw%3D%3D%7Ctkp%3ABk9SR8z52dD-Zw,https://www.ebay.com/b/Laptops-Netbooks/175672
"Dell - XPS 13.4"" 3K Touchscreen Laptop - Intel Core 5 Series 3 320 2026 - 16G...",$899.99,https://www.ebay.com/itm/327296803592?itmmeta=01KZTGPFJW8WQTQVE29GYB3FC0&hash=item4c3468e308:g:o6cAAeSwIVVqexUj&itmprp=enc%3AAQALAAAAwDKQclQvzFwZQpmMrsO4LuocDX7KgLv%2BSSStt91dfpfu28NRo5wDFNw7QSYjaRakGLywSKvO76ZDkkFmSD0x5gx4HrY2FIA%2FSkkQ6EdwhrIplm%2BMDTKcmkhvpyqfYbE5uZa6zAYVsri%2Fh04%2FOjQqZSsE54QBmB9llKUe4%2BPNwal%2FWt5RrQxu0moB0NtsW%2BfdhCuQQgwGeAKh2uxhv8OEp9QqVFJoBdfSKvfhREeNStDk%2Bfahg0qADyU1rrxRDQQ%2BRA%3D%3D%7Ctkp%3ABk9SR8z52dD-Zw,https://www.ebay.com/b/Laptops-Netbooks/175672
"New ListingLenovo ThinkPad E14 6th 14"" ryzen 7 7735u 2.7ghz 16gb ram 1tb ssd w11p PF5AH380",$429.99,https://www.ebay.com/itm/178398891765?itmmeta=01KZTGPFJWH9D6ZSQ0DBHPPS9W&hash=item2989670ef5:g:xD4AAeSw7DdqfCIn&itmprp=enc%3AAQALAAAA4DKQclQvzFwZQpmMrsO4Lupfs4NsKxj82O%2B3iOtkX4leh508dEx9n5QC%2FSLrgh9RLVL%2Br6kiD40yPaLIXub4zaOaXIFtWoOd5AP%2BW3M%2B%2BsODg4OLF7QvhjADkRLmBBpn2KnCldITh%2BbbgruA5j5J4hCe9%2F8MpfYFH0Lx4HTz02aNdGjI9LhChLVJKx83rJvQDDpNAnB5MSdbLmThK0LMjVAP%2B4ANPK0WD88KMZg50Knb%2BcCLOuDwBpcyE0XabEQAKwFQrGMJnVvpJPRQdj1NZGqZhLuoe46nnp674uztGPXw%7Ctkp%3ABk9SR8z52dD-Zw,https://www.ebay.com/b/Laptops-Netbooks/175672
"Acer Aspire 14"" AI Copilot+PC Laptop Core Ultra 5 226V Gen 4 ARC 16GB 1TB Refurb",$499.99,https://www.ebay.com/itm/257213743386?itmmeta=01KZTGPFJXEWB5Y5E87SFDC3WB&hash=item3be322411a:g:MfgAAeSwyRFqefr8&itmprp=enc%3AAQALAAAAwDKQclQvzFwZQpmMrsO4LupQLXRiTGLH7Ln4j%2BVoSPRoeb5LFvA3gR8%2B%2FPDh%2BVpwEYDeYrBfUuVox0U2j4ir1ExxgEJeFJ6lckVlmxlDmXD%2Ff4fjNnmS88OY32RD6ctXyUQOv9i1VSvkMwf00fBcsRDdedyzPnNrEflEwVgQ7K2E8zEI1j6Uv64ToiVjXeZdyz9pMz2dBur%2FrPLJuw8CIzyhPKT46AY8N8x6Js2wZc96ZwvqEyhnFeOs%2BNDevukorQ%3D%3D%7Ctkp%3ABk9SR8z52dD-Zw,https://www.ebay.com/b/Laptops-Netbooks/175672
Apple Macbook Air 13.3-Inch 1.8GHz i5 8GB 128GB-256GB Monterey OSX,$199.00 to $219.00,https://www.ebay.com/itm/256554492551?itmmeta=01KZTGPFJXTG80PC79RZGNXAMY&hash=item3bbbd6e287:g:xmsAAOSwKLBme4hI&itmprp=enc%3AAQALAAAA4DKQclQvzFwZQpmMrsO4LuqKL8YpjtcLpmFe46fcGYsjSmtP6IxlOT%2FKej46mI%2Fw4ruRodYtiRyvPUIw%2BP14TYHCJdEQD0dcKA1sjqFiz2Kpiq74WXLBQDRnaF9CWQoQX9WrL%2BgQlRF2LwF73TxYLb5lGCjx4%2Bmn2WxwgHW3tuO%2B1g35Pck1Qn9jUfOTBXb9UDPV5MsN7TI4fuAIzNXE3NEVavBtH9WACGSufrtwuy5SY6VB7eAOQ4mWIVpH9BVzNKkU3tuENP6ArjEBWLUdMVI0nVDywNG7f8Ou2tRZaJPt%7Ctkp%3ABFBMzPnZ0P5n&var=556794471905,https://www.ebay.com/b/Laptops-Netbooks/175672
"Dell Latitude 5330 2-in-1 Touch Laptop 13.3"" Core i5 8GB RAM 256GB SSD Win 11",$272.66,https://www.ebay.com/itm/256496543516?itmmeta=01KZTGPFJX2STXC1X4GE95EA48&hash=item3bb862a71c:g:M9kAAeSwtD9qcsa1&itmprp=enc%3AAQALAAAA4DKQclQvzFwZQpmMrsO4LuoZy%2BMFqbx5IHV45rkPYk7ItC91c8LQepKvXUGBylRdObXQdwjBZkpsBm2Cb9QphJP7gX0emkXvy6mN%2Bc2FoEfDV%2BGYWY6PDtl4oUph%2Fx3yqjarqLuSAJYiAujsRNkeAn0WVvF3zqeF%2BGeKD358nCgxRYHgm4Sy8ydJMJ4CJ9RwYXspzz%2B%2FTsBlbJxC6ymfA19%2FXHMQ%2BXN60UrF9YEVRHwK9SRu64P2Hs1HAS9YMcYtOekoNWndROiw4p0qmw8f4rNjStrXkWyFKefV2i5SA0Nw%7Ctkp%3ABFBMzPnZ0P5n,https://www.ebay.com/b/Laptops-Netbooks/175672
Dell Latitude D600 Pentium 512mb RAM 30GB HDD Windows XP Parallel Port,$195.00,https://www.ebay.com/itm/324681069150?itmmeta=01KZTGPFJXPWRGY03CPCWJDV7N&hash=item4b987ff25e:g:b~oAAOSwEalhOLiP&itmprp=enc%3AAQALAAAA4DKQclQvzFwZQpmMrsO4LuqyOv%2BzS8%2Biy9R6euudoV9Q%2B9AahVwhDsgCCakZuWwtfS74bSY4zTC%2FAWLp9uCTs5%2BTB5kmYOvkGqzmrBx5B9GsmQOOc7DyqfRGZ66mGLQBRWmUZ2Jp9rASlSNgF3iaIdqR05saETBWc6UQa%2Baj2MM7Uu6scSilddWZuJe02paPw5W8hEHk4ucgt%2FRrd9k%2BsrH0pcjramA8BVz6h57OqIFLeBNE83evO1uoS8uhdZmUeqXF1AxaPcBOIES6dQ6IcVDj9uOEIgo7EGojmWHm%2BcXJ%7Ctkp%3ABFBMzPnZ0P5n,https://www.ebay.com/b/Laptops-Netbooks/175672
APPLE MACBOOK PRO 15 | 16GB | 256GB SSD | i7 3.4GHZ | RETINA |MONTEREY |WARRANTY,$227.05 to $379.05,https://www.ebay.com/itm/168364245872?itmmeta=01KZTGPFJXXKJBCXWXX79T7RZ5&hash=item27334a8370:g:6BYAAeSwvb1p~0Vi&itmprp=enc%3AAQALAAAA4DKQclQvzFwZQpmMrsO4LuqSDwZbzPTPlwqVUV5O2BLc1%2F%2BQ8vX4JQeZpOK4bVV%2FD19l7dYJwN8pNn8K3myfGJ%2FZjToxUosMpDIN%2FsTDW7oAM6flMb9V5Fdu6XpFREyXY7Q9BvLTfPL4k%2FfhubbgySrEPtnc3H3mqVosrXIoTwwFTqMBbTiebtlbJfQJaHiuCVfwKoBDrGKgzJVBlLEq1Gk9RscfoWVLJou08qTratsnnAGatdjOkK3QPBVf8EjfwRNSqx4YcPzl7S58ZP0We%2BlIJ24UIlc5zNuVwzZyji18%7Ctkp%3ABFBMzPnZ0P5n&var=467866020458,https://www.ebay.com/b/Laptops-Netbooks/175672
NEW Asus ROG Strix G16 G615 Notebook Ultra 9 275HX 32GB RAM 1TB RTX 5070 Ti,"$1,999.99",https://www.ebay.com/itm/327245369875?itmmeta=01KZTGPFJXKZ1F88BGHS85RXDX&hash=item4c31581213:g:ofMAAeSwxtpqR~p-&itmprp=enc%3AAQALAAAA4DKQclQvzFwZQpmMrsO4LuoOxnYssUuovwDWP%2BMVA18DTwqPwzr1Jhx7lcuf8xKuXQcE5wmUZSYzsPGdmUqOKHmsFAUZWcADb3sxdcNvy7QBk88cOn4lDPu%2F15x27RE%2F%2BU8nawTT9sXISfxD1gTNGdU38OZfKIBlp3jRAZsqBIB4vq59rgab1QYd3Hm1fDDMb3iwCU21w9G0AERpg%2F%2BDsL9Zm0iuQKaRErP%2BjDVoytaV6ymU31NbxASbGhmGu51hq2uALDh27S%2FHexyNJSGaW78PyE0PlD53Y%2FQaQB5Cm7O7%7Ctkp%3ABk9SR8z52dD-Zw,https://www.ebay.com/b/Laptops-Netbooks/175672
"Microsoft Evolve III Maestro 11.6'' 64GB Intel N3450, 1.1GHz, 4GB RAM Laptop",$89.89,https://www.ebay.com/itm/127816748109?itmmeta=01KZTGPFJX6RXVHEJQH4Q77BPC&hash=item1dc278cc4d:g:s~EAAeSwAAxoDbxn&itmprp=enc%3AAQALAAAA4DKQclQvzFwZQpmMrsO4LurkOj5wX1nH0oKnZCkIAc9DRzz7zdUNGCLUd6Em4rsys6ea%2FI76DBIe4Fjn9oygbNNg9NuwKErBbOSkFjhSVRg00SJBLupMk8SBUXagj0%2FF0kM2ShlkGVFrp9yUEfgFDRqAhRorF8AUMt%2BJy4nDONJbhgsCnfpfLlRE7W9VDVfvYMUfP4n0WraNSk5Olfy9jbFHIHc0Ccwp04efDs8WE1twfRy7Y7%2BTxSvl%2BbFjAKk%2FcC0uijQuwPdUxnwJN3jC7PMFiw%2FSJwYGHr1SvBkWn0Ii%7Ctkp%3ABk9SR8z52dD-Zw,https://www.ebay.com/b/Laptops-Netbooks/175672
"Dell Latitude 3180  Intel Celeron N4200 1.10GHz, 4GB RAM, 128GB SSD Windows 10",$60.00,https://www.ebay.com/itm/307106655364?itmmeta=01KZTGPFJX4W83RZ2PPRHD7ABF&hash=item4780fbac84:g:Y9MAAOSwoyFn4uUq&itmprp=enc%3AAQALAAAAwDKQclQvzFwZQpmMrsO4LuqrfncqLX%2Bv3UJCb7z03X0N46mPrKTTpu0qC8DDNXMBqWKCXI1bAG%2BdD3GLhDcbRgSo8j%2Fv3C5Py9urq%2BamVn0WOxm%2FWjvNQF74SQZk%2BdIQORlTHRvW0gVhd975Xvqp6Bwf7yLQ1FYFRPqaw2oh3YqMmahpNffhXv2%2Bdnw%2FKnxh2XrVm%2FsAJFFAMsMz6XzwKKkahiQqVgINoLsbVM6HptxCX24dKZ6qzy5tpJyHrUDDzA%3D%3D%7Ctkp%3ABk9SR8z52dD-Zw,https://www.ebay.com/b/Laptops-Netbooks/175672
"Acer Chromebook 511 R752T-C3M5 11.6"" Touch Intel 1.1Ghz 4GB Ram 32GB SSD",$49.99,https://www.ebay.com/p/11056436136?iid=336641444750,https://www.ebay.com/b/Laptops-Netbooks/175672
"Lenovo - Yoga 7i 2-in-1 - Copilot+ PC - 16"" 2K Touchscreen Laptop - Intel Cor...",$999.99,https://www.ebay.com/itm/326645188810?itmmeta=01KZTGPFJXK0P13WBNPWY8QZD5&hash=item4c0d9208ca:g:AEcAAeSwSwhqcxMz&itmprp=enc%3AAQALAAAAwDKQclQvzFwZQpmMrsO4LupwnAlM8TfpS8reit%2BZSQtDJvPJmzy6V%2FdqkESY%2FAojJftQfe6CmG3pRrKSzkCWFaDdwJXvZ2rFk5YWfUR8i5%2Bl8DKVy4cfAsL8lSvmf15w%2F7h0AOGLTDNyQc5qqqzQEvI550dQDL7hYG1DpUHAXspCvN6uYHR5umPpspWFHUjZEgSC3vipKYFosN%2BS0ouJUg1sdikkIGHjokdGmtum547Pw7H6hLr5BeoETjhd4sEhOA%3D%3D%7Ctkp%3ABk9SR8752dD-Zw,https://www.ebay.com/b/Laptops-Netbooks/175672
"Apple Macbook Air 11"" Laptop | i5 4GB RAM + 128GB SSD | MacOS Big Sur | Light Up",$94.05,https://www.ebay.com/itm/386171547809?itmmeta=01KZTGPFJXXZNSMT3FHYQ19H28&hash=item59e99e30a1:g:fvIAAOSwyntlHwxd&itmprp=enc%3AAQALAAAAwDKQclQvzFwZQpmMrsO4LuqoGtFBVxwyRzkB4rDGfmp%2Bs2HBFIa3aymntUHX5D0DtzM%2ByVGg6uXgi1ge%2B3dP8leOJw3RnCRbSqOxhcDDn9JmohPgQgqraR2g%2B7mkO5bpkGreIViue43zrCwA%2FmrKJZxLDfpEqGrIj5fRTqJxUmdZRM3O1FXKBeAQAD67cwstSdbpgR5%2F4ay50gVM6Ds9%2B%2BPAR2KfnseYmX3ENTp1zbIzXZHc59gR9rn3%2F0UPrGD%2FaA%3D%3D%7Ctkp%3ABk9SR8752dD-Zw,https://www.ebay.com/b/Laptops-Netbooks/175672
"CHUWI GemiBook Pro 14.1"" Intel J4125, 12/16GB RAM 512GB SSD, Windows Laptop",$170.99 to $211.49,https://www.ebay.com/itm/398135201613?itmmeta=01KZTGPFJXV4RK3687ZD8BJ91K&hash=item5cb2b50f4d:g:mdoAAeSwToJqHVEY&itmprp=enc%3AAQALAAAA4DKQclQvzFwZQpmMrsO4LuqlApf65Dk6wg9xtI1bekbTJ1JhF0ZegiyZavQRRNlU94Qg6qoXBZeaBre4%2FA9noSb0bEuq8SQHhZbZRZT6T0VC%2B048g0it4XWJ7gZHXNfmb20KTdlnIA9odkPqsb051KUzA1KjSwSlx2B5IDckW2s7ILA51gCubAuweYCdV1H%2B4jHCXiSFJLUVvavvTLVKzMjGizTcm3ClkUj2aUqCAxU1nRSW6kD5kBIelIyW45L4JhgCVsJ%2F1PbR5Ep16eFU0S8L6jYWm4X7O8cto0y5Ytch%7Ctkp%3ABFBMzvnZ0P5n&var=666414825156,https://www.ebay.com/b/Laptops-Netbooks/175672
Dell Latitude 3500 Laptop 15.6” Laptop Core i5 16GB RAM 256GB SSD Windows 11 Pro,$237.27,https://www.ebay.com/itm/286264158391?itmmeta=01KZTGPFJXX8JN1575ZW20BDDS&hash=item42a6ac68b7:g:B70AAeSwEdBplqwH&itmprp=enc%3AAQALAAAA4DKQclQvzFwZQpmMrsO4Luq7eBGijDJorA%2FhQEFnhvAmRC6REyVfLApidUWItkE2MDyJFJoO4nqhsM0fs2SyUj1OF74ksZyMWTe1ixJhGcuFP8HPjMu27RcnhFH3b6lLKBRD%2BlScEgXOA%2Be56px6yxk%2BG6rNpePnovW3%2BOoqz0rOSxwkouKLoclM18mnwNBvJIjJ%2FUK6n0izG%2FDJqei%2Bo5ESCOBbfWhqpcMxatsEA8%2BmeS1JV4X%2FU0m1g2MCKYoqiLF4Qz4SvZMX1IDQ8XRHwa7%2FNbcJ8xFWfuqOe28Omzsq%7Ctkp%3ABFBMzvnZ0P5n,https://www.ebay.com/b/Laptops-Netbooks/175672
"Dell Latitude 7410 14"" i5-10th Gen, 16GB, 256GB NVME SSD, Healthy BATTERY-Win11P",$229.00,https://www.ebay.com/itm/227171730684?itmmeta=01KZTGPFJX64QY3EVA77BS3JEF&hash=item34e47d84fc:g:LegAAeSwJyRp1rSv&itmprp=enc%3AAQALAAAA4DKQclQvzFwZQpmMrsO4LuoPLka7jBznV3lRJsNd9WWa%2BN%2Bq23P89G1Zq011K9zmm0YjYIRxQ8XJmPCOh77HwGGsq%2BrT8afq93X5vAe2cTPsAyIcKctyBnEVZKks8OYAgR%2BUNLcv5X9cDM6%2BCxoP2IeDDXp0ZV%2F8rFapxmaIEbc6nSrmM0ryp6h7WNwXr%2FoRCdkCAt2kCEgyGm%2BFQplZy4ROnGSTTHzvPjsgT%2BVWhorOyab%2FTgd5JyiwRmdf7xo3uSwbZC7G0pQAfwNr%2BR4sE1LeAPI0vuLgB6K94Jp%2FXDRY%7Ctkp%3ABk9SR8752dD-Zw,https://www.ebay.com/b/Laptops-Netbooks/175672
"New Listing2021 MacBook Pro 16"" M1 Pro 10-Core CPU 3.2GHz 16-Core GPU 32GB RAM 512GB SSD",$899.99,https://www.ebay.com/p/22050305110?iid=158177865589,https://www.ebay.com/b/Laptops-Netbooks/175672
New ListingLenovo ThinkPad T14 Gen 2 i7-1185G7 16GB 1 Slot Open (32GB Max) 512GB SSD Win 11,$250.00,https://www.ebay.com/p/8058013913?iid=318714955327,https://www.ebay.com/b/Laptops-Netbooks/175672
"HP ZBook Firefly 14 G8 14"" 512GB i5-1145G7 WIN11P, Gray",$265.00,https://www.ebay.com/itm/366597492407?itmmeta=01KZTGPFJYWNT3RBQMAN22NBQ7&hash=item555ae9ceb7:g:VPQAAeSwhZtqHy0G&itmprp=enc%3AAQALAAAA4DKQclQvzFwZQpmMrsO4Lup44ijeVimGtM0G7fiuMrNf0ifcF8e4BK5ialuivdp6ZCvSDAtHcqZBUafQnggbkTZFN6LDkCMSz4wNbAqdkhvbrZsXySFlJFRk5csfGaB7KHhq9AeWaqNgvMC0UczHhehuZjaUT5PKMhFiALFtuuIg2ZqDD%2FpGxlTAAjlZt3lYJkU97eshwydqEZ%2B%2BvYiUOokpjXtwZgONShV9IPdkEnQRAgwyCXL8jJzjr5cjOAFK0dBL84rauC3WB4XLaE%2BqY%2FdTIe10mwUaj1TbfHHXr7Xj%7Ctkp%3ABk9SR8752dD-Zw,https://www.ebay.com/b/Laptops-Netbooks/175672
"HP - OmniBook 3 17.3"" Full HD Laptop - Intel Core Ultra 7 (2025) - 16GB Memor...",$799.99,https://www.ebay.com/itm/327190241522?itmmeta=01KZTGPFJYQANX0Y607VV3R8CW&hash=item4c2e0ee0f2:g:YYQAAeSw7-lqdbE-&itmprp=enc%3AAQALAAAAwDKQclQvzFwZQpmMrsO4LurJc9H6t%2FMreBT2muhnYog4Mzi4j56rUERO9ELmRwl43VMf24F6bCZD4o76rm8c3RWxSIFt70gGNr9%2FFReWB3DWYldHoRaQxX9gk9KcfMswt4MyklUprljXPCk%2Fl%2BgCq9Q7mRf0TjKGDPvOXzk4uDHDDb49tKKAgTSR9OPLoQL0XH06BPmxgHDcnXMMFKYQz1vyIzp1uwPaHUcKkORLk06BnkqRuQNCzMtXtdpM%2BprlKQ%3D%3D%7Ctkp%3ABk9SR8752dD-Zw,https://www.ebay.com/b/Laptops-Netbooks/175672
2020 Apple M1 MacBook Air 13 8GB/256GB SSD - (Silver) A2337 w/1 Year Warranty,$348.94,https://www.ebay.com/p/21042411802?iid=145655227460,https://www.ebay.com/b/Laptops-Netbooks/175672
"Apple Macbook Air  13"" M5 Chip 16GB RAM 512GB SSD  8-core GPU Midnight MDHE4LL/A","$1,099.00",https://www.ebay.com/itm/366323625617?itmmeta=01KZTGPFJYZ5CVWMQBRZM5QM6K&hash=item554a96ee91:g:wegAAeSw2MxqY-R5&itmprp=enc%3AAQALAAAAwDKQclQvzFwZQpmMrsO4LupNcyNkZo0GYGSGqEb7zZLFjJ14wWa7vbb5cwBRHwkoDbRllgZxqg86FYh7ZW9pAqSuoPDkrVtKVfkhcxqY29lPVWedJ6AI%2F4X7jTJNB0ziqh28LaKsIPdBfINaBdmxxvrczYVbzloBuC73Z3A5jMDf9d2R4KIcNy5q1iA3ZxSpQi0KngXWzzz%2BaJJXVXfvh1A36OGyq7tKCLsGlIMQy3lfkIcGE3LwM8u3r%2FqtMg7ivg%3D%3D%7Ctkp%3ABk9SR8752dD-Zw,https://www.ebay.com/b/Laptops-Netbooks/175672
"Lenovo Chromebook 500e Gen 3 Touchscreen Laptop 11.6"" Intel 4GB 32GB SSD Chrome",$69.99,https://www.ebay.com/itm/254075847053?itmmeta=01KZTGPFJYRE5S53JEJWAV1KT2&hash=item3b2819c18d:g:w5sAAeSwRT1qV5HF&itmprp=enc%3AAQALAAAA4DKQclQvzFwZQpmMrsO4LuplwaaYCQZ4WsHbnpxDea1g4CCTEDAuykbjFfrGe0kFahbXkBISzOLDZYNx%2BR3WfzZDOhJEKpVvKcOTuZjhPiIvwMccz9DHtf2VI44Ij0GHUDwzGv9fFjzZO6vLsucF0nJhphQLBcCWg2jwyW%2Bc%2Bpm3LZ5f8MTnkAdMokH8AfmboP7xvdwgjW54QYFfUxNGFDAXF9qvRkFPNszxw4gysOYiPCqZtYDagMNFjRY6jOnvPKHxBNwGdFG%2FFQoMHgM3tqXDbQU4%2FqgTZSNENeMIcypM%7Ctkp%3ABk9SR8752dD-Zw,https://www.ebay.com/b/Laptops-Netbooks/175672
"Dell Plus 16"" Touchscreen Laptop - Intel Core Ultra 9 , 32GB RAM, 1TB SSD, Win11",$899.00,https://www.ebay.com/itm/336731799510?itmmeta=01KZTGPFJY97XEHFY2TXMRDDEM&hash=item4e66c77fd6:g:rjAAAeSwxtpqTGkm&itmprp=enc%3AAQALAAAAwDKQclQvzFwZQpmMrsO4LuokjS5fg48uxk6eYsymCe6xCMnR6S6N1xaCnPCB82rjlarBj0IbQgkMqC%2Bfy2go1o6E1GGHuff%2BfSLtd4ND1Cx9TdlVrJa%2BTzYfsSAvtZOMBkXts8Jd0aFCzn5AlWEhWjQ3BouAJbJ8S69YBbfMqeWQMFQ3oo1dDyw0%2BeqfnBUX2Zo%2BFhbEq07MmkijKO%2F1SStEh64VqQXZoPevLsDcJ2fTQyNiZrTks5Z9ZXM8TmThCQ%3D%3D%7Ctkp%3ABk9SR8752dD-Zw,https://www.ebay.com/b/Laptops-Netbooks/175672
"Lenovo - IdeaPad Slim 3i 15.3"" 2K Touchscreen Laptop - Intel Core 7 350 2026 ...",$699.99,https://www.ebay.com/itm/206386605350?itmmeta=01KZTGPFJY7DYHDZYSQQV6Z6VH&hash=item300d99ad26:g:TeMAAeSwlC5qegwc&itmprp=enc%3AAQALAAAA4DKQclQvzFwZQpmMrsO4Luog4ejdXMqmGMYo9OsNJwFvKe%2B5ncmqKg9iCLdkyaoRbFN2AxZKq0rqoLx8kdBQX0OaCm9xmcZW87UA2SoN%2B34WzA0TkKMhzeLUF1KrtZCnj3F3mPMjcD1wH5A%2FFpFsKse%2BSZ%2BgeuGzvbRMiXAsuPHo%2FTT6hRTw3sQBk39RHE8Y92xgpyONqo4whCNEx61OJeQ5jpOIzlpsFItSJZvnvc1hwmEeW5Bz8A%2FNH4VvuPUoDgQD%2BAqkonKfTjAFegmRJeRilMiNh73qg7%2FBy6lfC78h%7Ctkp%3ABk9SR8752dD-Zw,https://www.ebay.com/b/Laptops-Netbooks/175672
"New Listing15.6"" Intel Core i5 6th Gen 16GB RAM 256GB SSD 1080p Silver Laptop",$180.00,https://www.ebay.com/itm/800495570527?itmmeta=01KZTGPFJYPP2ADM15H6F7C8EZ&hash=itemba61410e5f:g:tacAAeSwk-9qfAMm&itmprp=enc%3AAQALAAAA4DKQclQvzFwZQpmMrsO4LuqsQamHp5L8pTvLUUW6vzOqn1QjBgFw0gN%2FFcxW8j3ezc9JpVJyrc3wcL6Udb2elIWYODbLepaL8mvJX7rcW6VIUaTLQO1pZvLjNJzgfl9bN2CqSXz9UA5UzqSuM0WbaS0QJIs0zKjR540mA3lY1sMpbEPLTQtc3VaK9r9ixsdPovcMTxSAZfuVCXpObDZbWvHhoB%2BCrHiv8eIb6xO2m9OOX859AlTOJqJW%2BXkK584ZQpZ367JPCWq20FzkiyRNpPe331JgJ1XCq0rWWAxWyK9m%7Ctkp%3ABk9SR8752dD-Zw,https://www.ebay.com/b/Laptops-Netbooks/175672
"Dell Lat 5420 - 14"" FHD - i5-1145G7 - 16GB - 256GB SSD - Win 11 Pro-Grade B",$154.00,https://www.ebay.com/itm/178360163542?itmmeta=01KZTGPFJY02D0TE1R13NZQA0H&hash=item2987181cd6:g:Fc0AAeSwU9Bp6O7Y&itmprp=enc%3AAQALAAAAwDKQclQvzFwZQpmMrsO4Lup76X8eX%2FaI%2Bp%2FBcBKvY6xj3b9aWUrCH0LE8xPSu9OLQuXR9OHM0sAfWgyfbsc7f1Y7ormzVp3jOe9NQIeZ%2BuYm7z9Nr3cQSc%2BFiNXTmPq5D%2FNP7ZpMHeevE6aQ9CmmBGUZDro2quH1kG1qs4TqZJb4cZTe%2BI8DukXGWh93eYWkRd4zuKryjumwL075worxwhbe3vTM6bIq7vdsp3WmGW0MZQHg4LUAkdSc8z9Kmasbtw%3D%3D%7Ctkp%3ABk9SR8752dD-Zw,https://www.ebay.com/b/Laptops-Netbooks/175672
"2020 Apple MacBook Pro 13"" i7 2.3GHz/32GB/512GB - (Space Gray) A2251 w/Warranty",$394.66,https://www.ebay.com/itm/376847356927?itmmeta=01KZTGPFJYDE10BJ3058NJ3MFY&hash=item57bdda53ff:g:p0AAAeSwOw9pYCba&itmprp=enc%3AAQALAAAAwDKQclQvzFwZQpmMrsO4LuoJvdYv3pf%2BhN6vGX2mYMMxFLh%2FMRutsan6JbYBUQvCbwCfAAckvTUhBGRhE8wL7MAfI8M3wcWSIa%2FqQmDJyY69CWQOq5EdL5loZGfJJmmgKxcq6us%2BJTghOeeN10E5NvnNaC18KaRymCW3VVXFsYpe5m59OC3V32w14ZMuzhGJ2vSwx6ogTeaQHrRB2YQ2bJKX7qr5a5k%2Fub46ZCvhQNlleR4XDKJl4Ia7sRhqM9ovaw%3D%3D%7Ctkp%3ABk9SR8752dD-Zw,https://www.ebay.com/b/Laptops-Netbooks/175672
Getac V110G6 Rugged Quad Core 1.60GHz i5-10210U 256GB SSD 16GB RAM POOR Battery,$210.00,https://www.ebay.com/itm/147472472326?itmmeta=01KZTGPFJY7H1QY9V4YBN08V6J&hash=item22560b5906:g:CdwAAeSwzM5qX3L2&itmprp=enc%3AAQALAAAAwDKQclQvzFwZQpmMrsO4LuoPO6mFa5eP0mRzrfcAL6RbMEukl4IKs7qY6Sv3pvlzbC%2B9WvFNy5pG8%2FC6Vlkso8%2Fk6QDZI01aqAcJOHpncLcRNEffDNdmME9seGTZ8ZUnZVXKqfEXWCIndjQSRut02dHK2cuTHhNhA3023jixuo9UszNPF%2F%2BHw3nn4lVz%2Fpim2pmJMCh%2FbhkbnoVKBYUkSzFTK5IMekdMQJNUC0tech9vLzOZTR4mkK0sO1hDqmqlgQ%3D%3D%7Ctkp%3ABk9SR8752dD-Zw,https://www.ebay.com/b/Laptops-Netbooks/175672
"Dell Latitude 5289 2-in-1 12.3"" i5-7600U@2.8GHz, 8GB RAM, 256GB, Win 11 Pro",$179.99,https://www.ebay.com/itm/177800317663?itmmeta=01KZTGPFJZ7Z734R7HCFN9Y3CD&hash=item2965b98adf:g:UmAAAeSwhPZpcvz~&itmprp=enc%3AAQALAAAAwDKQclQvzFwZQpmMrsO4LupRnu6MYdCIG7sQCkCnvwLvsAlQJEvqu1x5ZM7f69KbYFGsatr4wfifAXADypuBLggLPIN%2Bm8W1dCE9vt1X4vtFwMIY0vJ0ZN5Vmv8jCkCx7GJRfZidVRrvzssGcvrR11sABr3R%2FkCrpg9s%2B6ZRlz5KlG7xx%2BBi3d7vBiirKRdqnlqThEoHWUl7%2FAkDQa%2BdzKyvJIs0jyCKdWK4XyyLD5cEtNSDSKbvg2CyAXomTZTe9g%3D%3D%7Ctkp%3ABk9SR8752dD-Zw,https://www.ebay.com/b/Laptops-Netbooks/175672
"Apple MacBook Pro 14"" M1 Pro (2021) 16GB 1TB Space Gray | Refurbished - Good",$630.90,https://www.ebay.com/itm/236998020069?itmmeta=01KZTGPFJZDBNYBX5ACYKRGJ0X&hash=item372e2ecbe5:g:EUMAAeSwvgtqeiWA&itmprp=enc%3AAQALAAAAwDKQclQvzFwZQpmMrsO4LuoJCCxNBWGvvCjPbTc83OBO41h%2FU9bbI%2Fdsxs%2F%2BAK07IPLbwGk5RbDq3kMS%2B16tOpkb%2BW4%2F3jcKrnASIKbgWfod6lWautn6xOjS74HU9GwcC7QJAaTmztdR76yKtBEuOzHNUrm5zoU%2B11Wc4ME4qjY4%2F1kB%2BvXhpklMSfkiOElJmuTmOio%2F%2BiPmutCOLXDt1yoyARberDvyUwqHm%2BATqUcVTUadGMOxthhcfbPPz4nAAA%3D%3D%7Ctkp%3ABk9SR8752dD-Zw,https://www.ebay.com/b/Laptops-Netbooks/175672
"Lenovo ThinkPad T590 15"" Laptop i7 8th 256GB SSD 8GB RAM Win 11 Pro (SNB)",$159.95,https://www.ebay.com/itm/198434166113?itmmeta=01KZTGPFJZGSKWWRJYKM4EPE68&hash=item2e33991561:g:KD0AAeSwgzRpldM~&itmprp=enc%3AAQALAAAAwDKQclQvzFwZQpmMrsO4Luo57sP6QTUXdCYM2uIzVU3hD5%2FtRv0HHqulPRYSwYWWeZOKtdEjkRjrbTsdIVE5c9Hnvft1IEDI%2BCnnM4xu6KXp%2BUxfa367S%2BbMosdwj7vt6cFeyoTuq3Kn%2FPT4A775OS9mIHIZAhKV8zrwQJY2goH71V3czjzntqf7qy1F6kUWLiVtsMcDkL1%2BbF2g9TOvbXvCy6XYazRIB5iUxgiqepS13dPAdQtUpFsVv5rO%2BY5kCg%3D%3D%7Ctkp%3ABk9SR9D52dD-Zw,https://www.ebay.com/b/Laptops-Netbooks/175672
"2020 Apple M1 MacBook Air 13"" 3.20GHz/8GB/256GB SSD (Space Gray) - A2337",$307.85,https://www.ebay.com/p/21042411802?iid=146022523482,https://www.ebay.com/b/Laptops-Netbooks/175672
Panasonic  CF-31 MK6 7th GEN Core i5  WIN11 PRO  16GB 1TB SSD WWAN/LTE  BLUE,$588.88,https://www.ebay.com/itm/236562781518?itmmeta=01KZTGPFJZ0NQCP2RPPGP20G77&hash=item37143d954e:g:0OMAAeSwqxlpWTLC&itmprp=enc%3AAQALAAAA4DKQclQvzFwZQpmMrsO4LuocBg2C6zHQ1bqF9vEgwrDaoGoJZmBYTiEGaJZ3LzPcghK%2FVINWVCh8WLc2AWV1sOUEmquYt5Wd%2BsMHeSyCpdTGT4TElWXYYsCP%2FyvFtnYqwJK%2BR1JI8Cc947dA0gH%2B1dflVjMqFMkDZxP2m96ZXjbHFvvkhWhA%2F8uds2lNiHC0cYCsJl4hSZEGOwBpgveijPnecu0tzCnuizfYvaPgO9yHT26OPvfx1mh7LKd3PjGPIjze575GGkyEOSMECas1sdf%2FomLMTG%2FrTGHzfSR%2FAHNH%7Ctkp%3ABFBM0PnZ0P5n,https://www.ebay.com/b/Laptops-Netbooks/175672
"Dell Latitude 3300 13.3"" Laptop Intel Core i5 16GB RAM 256GB SSD Windows 11 HDMI",$201.55,https://www.ebay.com/itm/283951308518?itmmeta=01KZTGPFJZJ5DSDSQ287SCFBPA&hash=item421cd11ee6:g:yVkAAeSwKzZqVfXt&itmprp=enc%3AAQALAAAA4DKQclQvzFwZQpmMrsO4LurPxvVVaMfjEz2T4XknmZ%2BjgIXa6LKIvU8eKJHg6zPB6kkUIZhZBI8G%2FhAP5Th9DwDirHzbHwlih0b5u1cjKYWLR62psNS2VB%2Bh%2FS7pQ1zWp6bZPujWiC%2B4DTZcgyYlcv9opTT9wior%2FLnn9VHa1BeiT2uFjs566NGXvszWrD7DqCF4Rb%2BmAuoE0A7yAt7IJv9my5GBIE%2FvjNdCo92hei%2BQm0RGe4HLqCIioKP8FliAunRtykBKlYB5NRKbA9D15%2FxdyTDuAoFgxkk6X5ffwVH%2B%7Ctkp%3ABFBM0PnZ0P5n,https://www.ebay.com/b/Laptops-Netbooks/175672
